{
  "scenario_id": "ca47e98afe",
  "name": "aggressive_8cap_50shift",
  "timestamp": "2026-07-04T11:32:27.542261+00:00",
  "config": {
    "discount_cap": 0.08,
    "reclassify_band": null,
    "reclassify_target": null,
    "marketing_shift_pct": 0.5,
    "shipping_cost_reduction_pct": 0.0
  },
  "baseline": {
    "revenue": 10373847.64,
    "profit": 2572985.1599999997
  },
  "simulated": {
    "revenue": 11257923.814979002,
    "profit": 3614706.5049790004
  },
  "delta": {
    "revenue": 884076.1749790013,
    "profit": 1041721.3449790007
  }
}