{
  "scenario_id": "3ba1bf3356",
  "name": "balanced_9cap_35shift",
  "timestamp": "2026-07-04T11:32:27.511767+00:00",
  "config": {
    "discount_cap": 0.09,
    "reclassify_band": null,
    "reclassify_target": null,
    "marketing_shift_pct": 0.35,
    "shipping_cost_reduction_pct": 0.0
  },
  "baseline": {
    "revenue": 10373847.64,
    "profit": 2572985.1599999997
  },
  "simulated": {
    "revenue": 11190646.146667,
    "profit": 3500135.2856670003
  },
  "delta": {
    "revenue": 816798.5066669993,
    "profit": 927150.1256670007
  }
}