{
  "scenario_id": "ff264736d3",
  "name": "custom_28cap_35shift",
  "timestamp": "2026-07-04T08:48:55.079955+00:00",
  "config": {
    "discount_cap": 0.28,
    "reclassify_band": null,
    "reclassify_target": null,
    "marketing_shift_pct": 0.35,
    "shipping_cost_reduction_pct": 0.0
  },
  "baseline": {
    "revenue": 10373847.64,
    "profit": 2572985.1599999997
  },
  "simulated": {
    "revenue": 10489143.994467,
    "profit": 2798633.133467
  },
  "delta": {
    "revenue": 115296.35446699895,
    "profit": 225647.9734670003
  }
}